{
  "baseline": {
    "display_name": "TF-IDF + LogReg (baseline)",
    "test": {
      "accuracy": 0.6615499812804193,
      "f1_macro": 0.5809331571174077,
      "f1_weighted": 0.6698942239348253
    },
    "classification_report": {
      "pos": {
        "precision": 0.4671163575042159,
        "recall": 0.5794979079497908,
        "f1-score": 0.5172735760971056,
        "support": 478.0
      },
      "neu": {
        "precision": 0.7830913748932536,
        "recall": 0.6311080523055747,
        "f1-score": 0.6989329268292683,
        "support": 1453.0
      },
      "neg": {
        "precision": 0.69921875,
        "recall": 0.7862371888726208,
        "f1-score": 0.7401791867677464,
        "support": 683.0
      },
      "q": {
        "precision": 0.2589928057553957,
        "recall": 0.631578947368421,
        "f1-score": 0.3673469387755102,
        "support": 57.0
      },
      "accuracy": 0.6615499812804193,
      "macro avg": {
        "precision": 0.5521048220382163,
        "recall": 0.657105524124102,
        "f1-score": 0.5809331571174077,
        "support": 2671.0
      },
      "weighted avg": {
        "precision": 0.6939132844571211,
        "recall": 0.6615499812804193,
        "f1-score": 0.6698942239348253,
        "support": 2671.0
      }
    }
  },
  "transformer": {
    "display_name": "WangchanBERTa (fine-tuned)",
    "test": {
      "accuracy": 0.6821415200299513,
      "f1_macro": 0.6151096914375368,
      "f1_weighted": 0.6889957573256753
    },
    "classification_report": {
      "pos": {
        "precision": 0.4703196347031963,
        "recall": 0.6464435146443515,
        "f1-score": 0.5444933920704845,
        "support": 478.0
      },
      "neu": {
        "precision": 0.8061041292639138,
        "recall": 0.6180316586373021,
        "f1-score": 0.699649396182314,
        "support": 1453.0
      },
      "neg": {
        "precision": 0.7406931964056482,
        "recall": 0.8448023426061494,
        "f1-score": 0.7893296853625171,
        "support": 683.0
      },
      "q": {
        "precision": 0.3140495867768595,
        "recall": 0.6666666666666666,
        "f1-score": 0.42696629213483145,
        "support": 57.0
      },
      "accuracy": 0.6821415200299513,
      "macro avg": {
        "precision": 0.5827916367874044,
        "recall": 0.6939860456386173,
        "f1-score": 0.6151096914375368,
        "support": 2671.0
      },
      "weighted avg": {
        "precision": 0.7187856101834269,
        "recall": 0.6821415200299513,
        "f1-score": 0.6889957573256753,
        "support": 2671.0
      }
    }
  },
  "comparison": {
    "baseline": {
      "accuracy": 0.6615499812804193,
      "f1_macro": 0.5809331571174077,
      "f1_weighted": 0.6698942239348253
    },
    "transformer": {
      "accuracy": 0.6821415200299513,
      "f1_macro": 0.6151096914375368,
      "f1_weighted": 0.6889957573256753
    }
  }
}